{
  "title": "Goals assessment page",
  "description": "A page where you can evaluate your goals.",
  "majorVersion": 1,
  "minorVersion": 1,
  "patchVersion": 0,
  "runnable": 0,
  "author": "Joubel AS",
  "license": "MIT",
  "machineName": "H5P.GoalsAssessmentPage",
  "preloadedCss": [
    {
      "path": "goals-assessment-page.css"
    }
  ],
  "preloadedJs": [
    {
      "path": "goals-assessment-page.js"
    }
  ],
  "preloadedDependencies": [
    {
      "machineName": "MustacheJS",
      "majorVersion": 1,
      "minorVersion": 0
    },
    {
      "machineName": "H5P.JoubelUI",
      "majorVersion": 1,
      "minorVersion": 2
    }
  ]
}
