{
  "title": "Multiple Choice Collection",
  "contentType": "Question",
  "majorVersion": 1,
  "minorVersion": 5,
  "patchVersion": 2,
  "runnable": 1,
  "machineName": "H5P.MultiChoiceColl",
  "author": "Amendor AS",
  "license": "MIT",
  "coreApi": {
    "majorVersion": 1,
    "minorVersion": 6
  },
  "preloadedJs": [
    {
      "path": "js/multichoice.js"
    }
  ],
  "preloadedCss": [
    {
      "path": "css/multichoice.css"
    }
  ],
  "preloadedDependencies": [
    {
      "machineName": "FontAwesome",
      "majorVersion": 4,
      "minorVersion": 3
    },
    {
      "machineName": "EmbeddedJS",
      "majorVersion": 1,
      "minorVersion": 0
    },
    {
      "machineName": "H5P.JoubelUI",
      "majorVersion": 1,
      "minorVersion": 2
    },
    {
      "machineName": "H5P.Question",
      "majorVersion": 1,
      "minorVersion": 1
    }
  ]
}
