[
  {
    "name": "question",
    "type": "text",
    "widget": "html",
    "label": "Question",
    "enterMode": "p",
    "tags": [
      "strong",
      "em",
      "sub",
      "sup",
      "h2",
      "h3",
      "a",
      "ul",
      "li",
      "ol"
    ]
  },
  {
    "name": "answers",
    "type": "list",
    "label": "Available options",
    "description": "The alternatives the user may choose from.",
    "entity": "option",
    "min": 1,
    "defaultNum": 1,
    "field": {
      "name": "answer",
      "type": "group",
      "label": "Option",
      "fields": [
        {
          "name": "text",
          "type": "text",
          "widget": "html",
          "label": "Text",
          "tags": [
            "strong",
            "em",
            "sub",
            "sup",
            "a",
            "ul",
            "li",
            "ol"
          ]
        },
        {
          "name": "correct",
          "type": "boolean",
          "label": "Correct"
        },
        {
          "name": "tipsAndFeedback",
          "type": "group",
          "label": "Tips and feedback",
          "optional": true,
          "fields": [
            {
              "name": "tip",
              "label": "Tip text",
              "type": "text",
              "widget": "html",
              "tags": ["p", "br", "strong", "em","a",
      "ul",
      "li",
      "ol"],
              "optional": true
            },
            {
              "name": "chosenFeedback",
              "type": "text",
              "widget": "html",
              "label": "Chosen feedback",
              "description": "Will be displayed when the users checks his answer.",
              "optional": true,
              "tags": [
                "strong",
                "em",
                "sub",
                "sup",
                "a",
      "ul",
      "li",
      "ol"
              ]
            },
            {
              "name": "notChosenFeedback",
              "type": "text",
              "widget": "html",
              "label": "Not chosen feedback",
              "description": "Will be displayed when the solution is displayed.",
              "optional": true,
              "tags": [
                "strong",
                "em",
                "sub",
                "sup",
                "a",
      "ul",
      "li",
      "ol"
              ]
            }
          ]
        }
      ]
    }
  },
  {
    "name": "UI",
    "type": "group",
    "label": "User interface translations for multichoice",
    "common": true,
    "fields": [
      {
        "name": "checkAnswerButton",
        "type": "text",
        "label": "Check answer button label",
        "default": "Check"
      },
      {
        "name": "showSolutionButton",
        "type": "text",
        "label": "Show solution button label",
        "default": "Show solution"
      },
      {
        "name": "tryAgainButton",
        "type": "text",
        "label": "Retry button label",
        "default": "Retry",
        "optional": true
      },
      {
        "name": "correctText",
        "type": "text",
        "label": "Correct answer feedback",
        "default": "Correct!",
        "deprecated": true
      },
      {
        "name": "almostText",
        "type": "text",
        "label": "Almost correct answer feedback",
        "default": "Almost!",
        "deprecated": true
      },
      {
        "name": "wrongText",
        "type": "text",
        "label": "Not correct answer feedback",
        "default": "Wrong",
        "deprecated": true
      }
    ]
  },
  {
    "name": "behaviour",
    "type": "group",
    "label": "Behavioural settings",
    "description": "These options will let you control how the task behaves.",
    "optional": true,
    "fields": [
      {
        "name": "enableRetry",
        "type": "boolean",
        "label": "Enable \"Retry\" button",
        "default": true,
        "hide": true,
        "optional": true
      },
      {
        "name": "enableSolutionsButton",
        "type": "boolean",
        "label": "Enable \"Show Solution\" button",
        "default": true,
        "hide": true,
        "optional": true
      },
      {
        "name": "type",
        "type": "select",
        "label": "Question Type",
        "description": "Select the look and behaviour of the question.",
        "default": "auto",
        "options": [
          {
            "value": "auto",
            "label": "Automatic"
          },
          {
            "value": "multi",
            "label": "Multiple Choice (Checkboxes)"
          },
          {
            "value": "single",
            "label": "Single Choice (Radio Buttons)"
          }
        ]
      },
      {
        "name": "singlePoint",
        "type": "boolean",
        "label": "Give one point for the whole task",
        "hide": true,
        "default": true
      },
      {
        "name": "questionPoints",
        "type": "text",
        "label": "Specify the number of points earned for this task.",
        "description": "Enable to give a specific number of points for multiple correct answers. This will not be an option in \"Single answer\" mode.",
        "default": 10
      },
      {
        "name": "randomAnswers",
        "type": "boolean",
        "label": "Randomize answers",
        "hide": true,
        "default": true
      },
      {
        "label": "Require user input before the solution can be viewed",
        "name": "showSolutionsRequiresInput",
        "type": "boolean",
        "default": true,
        "hide": true,
        "optional": true
      },
      {
        "label": "Disable image zooming for question image",
        "name": "disableImageZooming",
        "type": "boolean",
        "default": false,
        "hide": true,
        "optional": true
      }
    ]
  }
]
