{
  "title": "MLE",
  "description": "Add hotspots with useful information and media to an image.",
  "majorVersion": 1,
  "minorVersion": 2,
  "patchVersion": 97,
  "runnable": 1,
  "author": "TDS",
  "license": "MIT",
  "machineName": "H5P.MLE",
  "fullscreen": 1,
  "embedTypes": [
    "iframe"
  ],
  "preloadedJs": [
    {
      "path": "scripts/MLE.js"
    } 
    ],
  "preloadedCss": [
    {
      "path": "styles/mle.css"
    }
  ],
  "preloadedDependencies": [
    {
      "machineName": "FontAwesome",
      "majorVersion": 4,
      "minorVersion": 3
    },
    {
      "machineName": "H5P.Image",
      "majorVersion": 1,
      "minorVersion": 0
    },
    {
      "machineName": "H5P.Video",
      "majorVersion": 1,
      "minorVersion": 1
    },
     {
      "machineName": "H5P.Text",
      "majorVersion": 1,
      "minorVersion": 1
    },
     {
      "machineName": "H5P.URL",
      "majorVersion": 1,
      "minorVersion": 1
    },
       {
      "machineName": "H5P.SingleChoiceSet",
      "majorVersion": 1,
      "minorVersion": 3
    },
      {
      "machineName": "H5P.MultiChoice",
      "majorVersion": 1,
      "minorVersion": 5
    },
      {
      "machineName": "H5P.Summary",
      "majorVersion": 1,
      "minorVersion": 4
    },
      {
      "machineName": "H5P.Blanks",
      "majorVersion": 1,
      "minorVersion": 4
    }
      
  ],
  "editorDependencies": [
    {
      "machineName": "H5PEditor.ImageCoordinateSelector",
      "majorVersion": 1,
      "minorVersion": 0
    }
  ]
}