{
  "title": "Document Export Page",
  "description": "A page you can export all input fields from parent application.",
  "majorVersion": 1,
  "minorVersion": 1,
  "patchVersion": 0,
  "runnable": 0,
  "author": "Joubel AS",
  "license": "MIT",
  "machineName": "H5P.DocumentExportPage",
  "preloadedCss": [
    {
      "path": "document-export-page.css"
    }
  ],
  "preloadedJs": [
    {
      "path": "document-export-page.js"
    },
    {
      "path": "create-document.js"
    }
  ],
  "preloadedDependencies": [
    {
      "machineName": "MustacheJS",
      "majorVersion": 1,
      "minorVersion": 0
    },
    {
      "machineName": "FontAwesome",
      "majorVersion": 4,
      "minorVersion": 3
    },
    {
      "machineName": "filesaver",
      "majorVersion": 1,
      "minorVersion": 0
    },
    {
      "machineName": "H5P.JoubelUI",
      "majorVersion": 1,
      "minorVersion": 2
    },
    {
      "machineName": "H5P.ExportPage",
      "majorVersion": 1,
      "minorVersion": 0
    }
  ]
}
