{
  "title": "Impressive Presentation",
  "description": "Impressive Presentation tool.",
  "majorVersion": 1,
  "minorVersion": 0,
  "patchVersion": 2,
  "runnable": 1,
  "fullscreen": 1,
  "author": "Thomasmars",
  "embedTypes": [
    "iframe"
  ],
  "license": "MIT",
  "machineName": "H5P.ImpressPresentation",
  "preloadedCss": [
    {
      "path": "impress-presentation.css"
    }
  ],
  "preloadedJs": [
    {
      "path": "jmpress.js"
    },
    {
      "path": "step.js"
    },
    {
      "path": "impress-presentation.js"
    }
  ],
  "preloadedDependencies": [
    {
      "machineName": "H5P.JoubelUI",
      "majorVersion": 1,
      "minorVersion": 2
    },
    {
      "machineName": "FontAwesome",
      "majorVersion": 4,
      "minorVersion": 3
    }
  ],
  "editorDependencies": [
    {
      "machineName": "H5PEditor.ImpressPresentation",
      "majorVersion": 1,
      "minorVersion": 0
    },
    {
      "machineName": "H5PEditor.ColorSelector",
      "majorVersion": 1,
      "minorVersion": 0
    }
  ]
}