{"interactiveVideo":{"video":{"title":"The Sales Knowledge Dilemma","startScreenOptions":{"hideStartTitle":false},"files":[{"path":"videos/files-57040039b9352.mp4","mime":"video/mp4","copyright":{"license":"U"}}],"copyright":"","poster":{"path":"images/poster-571f9f2c0b030.jpg","mime":"image/jpeg","copyright":{"license":"U"},"width":896,"height":504}},"assets":{"interactions":[{"x":61.586638830898,"y":40.816326530612,"width":10,"height":10,"duration":{"from":53,"to":57},"action":{"library":"H5P.Link 1.1","params":{"linkWidget":{"protocol":"http://","url":"www.thevalueshift.com/sales-content-strategy-ebook?__hssc=255186711.1.1459885782422&amp;__hstc=255186711.3cf90357be695999e5e6ee3d2ef0d6e1.1454639017660.1459541185077.1459885782422.12&amp;__hsfp=837903499&amp;hsCtaTracking=c686ab0b-258a-4fa0-af02-4daae51134c3%7"},"title":"Click here for more information"},"subContentId":"304ae3dc-2e9e-4cb0-9fe5-2e6c54a38304"},"displayType":"poster","pause":false},{"x":61.586638830898,"y":40.816326530612,"width":10,"height":10,"duration":{"from":57,"to":57},"action":{"library":"H5P.Link 1.1","params":{"linkWidget":{"protocol":"http://","url":"www.thevalueshift.com/sales-content-strategy-ebook?__hssc=255186711.1.1459885782422&amp;__hstc=255186711.3cf90357be695999e5e6ee3d2ef0d6e1.1454639017660.1459541185077.1459885782422.12&amp;__hsfp=837903499&amp;hsCtaTracking=c686ab0b-258a-4fa0-af02-4daae51134c3%7"},"title":"Click here for more information"},"subContentId":"3ef43b05-5c4e-4340-9fbc-deacd28351fd"},"displayType":"poster","pause":false},{"x":67.865413488303,"y":9.2745888958155,"width":10.932210850566,"height":12.376087755358,"duration":{"from":11,"to":14},"action":{"library":"H5P.Image 1.0","params":{"contentName":"Image","file":{"path":"images/file-570e8db26cfab.jpg","mime":"image/jpeg","copyright":{"license":"U"},"width":265,"height":299},"alt":"71%"},"subContentId":"6ab896e6-c93f-4e46-b856-014d7c60e9a1"},"pause":false,"displayType":"poster","label":""},{"x":65.762004175365,"y":1.8552875695733,"width":12.901878914405,"height":15.44885177453,"duration":{"from":37,"to":38},"action":{"library":"H5P.MarkTheWords 1.5","params":{"checkAnswerButton":"Check","tryAgainButton":"Retry","showSolutionButton":"Show solution","score":"You got @score of @total points.","behaviour":{"enableRetry":false,"enableSolutionsButton":false,"questionPoints":"10"},"taskDescription":"<p>Select all the attibutes of effective content</p>\n","textField":"<p style=\"text-align: center;\">*Interactive*, *Responsive*,</p>\n\n<p style=\"text-align: center;\">*Mobile*, *Dynamic*,</p>\n\n<p style=\"text-align: center;\">*Media-rich*</p>\n\n<p>&nbsp;</p>\n"},"subContentId":"0e364cf9-61f5-4190-ac0e-81e47b21f79e"},"pause":true,"displayType":"poster","adaptivity":{"correct":{"allowOptOut":false,"message":""},"wrong":{"allowOptOut":false,"message":""}},"label":"<p>Effective Content</p>\n"},{"x":61.586638830898,"y":3.7086464177085,"width":14.154488517745,"height":18.789144050104,"duration":{"from":46,"to":52},"action":{"library":"H5P.SingleChoiceSet 1.3","params":{"choices":[{"question":"<p>So, do you think your sales team has the information they need to talk to different industries and personas?</p>\n","answers":["<p>Yes</p>\n","<p>No</p>\n"]}],"behaviour":{"timeoutCorrect":2000,"timeoutWrong":3000,"soundEffectsEnabled":true,"enableRetry":false,"enableSolutionsButton":false,"questionPoints":"100"},"l10n":{"resultSlideTitle":"You got :numcorrect of :maxscore correct","showSolutionButtonLabel":"Show solution","retryButtonLabel":"Retry","solutionViewTitle":"Solution"}},"subContentId":"0cd2919f-8878-4e3f-9bf7-a9482024c80a"},"pause":false,"displayType":"poster","adaptivity":{"correct":{"allowOptOut":true,"message":""},"wrong":{"allowOptOut":true,"message":""}},"label":""}],"bookmarks":[]},"summary":{"task":{"library":"H5P.Summary 1.4","params":{"intro":"Choose the correct statement.","summaries":[{"tip":""}],"solvedLabel":"Progress:","scoreLabel":"Wrong answers:","resultLabel":"Your result","response":{"scorePerfect":{"title":"PERFECT!","message":"You got everything correct on your first try!"},"scoreOver70":{"title":"Great!","message":"You got most of the statements correct on your first try."},"scoreOver40":{"title":"Ok","message":"You got some of the statements correct on your first try."},"scoreOver0":{"title":"A few mistakes.","message":"Have another try!"}},"summary":"You got @score of @total statements (@percent %) correct on your first try."},"subContentId":"c91aab9a-8fe7-4953-addf-82f373272a4b"},"displayAt":3}},"override":{"overrideButtons":false,"overrideShowSolutionButton":false,"overrideRetry":false},"l10n":{"interaction":"Interaction","play":"Play","pause":"Pause","mute":"Mute","unmute":"Unmute","quality":"Video Quality","fullscreen":"Fullscreen","exitFullscreen":"Exit Fullscreen","summary":"Summary","bookmarks":"Bookmarks","defaultAdaptivitySeekLabel":"Continue"}}