[
  {
    "name": "MLE",
    "type": "workflow",
    "entity": "MLE",
    "steps": [
         {
            "number": 1,
            "buttonlabel": "Content",
            "headerdesc": "Select the primary content",
            "description": "",
            "name": "content",
            "type": "library",
            "label": "Select Content",
            "optional": false,
            "showEditorCopyright": false,
            "options": [
                "H5P.Text 1.1",
                "H5P.Video 1.1",
                "H5P.Image 1.0",
                "H5P.URL 1.1"
            ]
          },
          {
              "number": 2,
              "buttonlabel": "Text",
              "headerdesc": "Add the descriptive text",
              "name": "text",
              "type": "text",
              "widget": "html",
              "label": "Text",
              "enterMode": "p",
              "tags": [
                "strong",
                "em",
                "del",
                "a",
                "ul",
                "li",
                "ol",
                "h2",
                "h3",
                "hr"
            ],
            "font": {
                "size": true,
                "color": true,
                "background": true
            }
          },
          {
            "number": 3,
            "name": "questions",
            "buttonlabel": "Questions",
            "headerdesc": "Select a question type to be created",
            "type": "list",
            "entity": "question",
            "label": "Questions",
            "min": 0,
            "defaultNum": 0,
            "field": {
                    "name": "question",
                    "type": "library",
                    "label": "Select Question Type",
                    "optional": true,
                    "showEditorCopyright": false,
                    "options": [
                        "H5P.SingleChoiceSet 1.3",
                        "H5P.MultiChoice 1.5",
                        "H5P.Blanks 1.4",
                        "H5P.Summary 1.4"
                  ]
                }
          }
        ]
  },
  {
        "name": "override",
        "type": "group",
        "label": "Behaviour settings.",
        "description": "These options will let you override behaviour settings.",
        "optional": true,
        "fields": [
          {
            "name": "scoreToPass",
            "type": "text",
            "label": "% of points that must be earned to pass.",
            "default": "75"
          }
        ]
      }
]
