[
  {
    "name": "title",
    "label": "Title",
    "type": "text",
    "description": "Title for the goals assessment page.",
    "default": "Goals assessment"
  },
  {
    "name": "description",
    "label": "Description",
    "type": "text",
    "widget": "html",
    "description": "Description of the goals assessment page.",
    "default": "Rate the goals that you have chosen in the goals page.",
    "enterMode": "p",
    "tags": [
      "strong",
      "em",
      "u",
      "a",
      "ul",
      "ol",
      "h2",
      "h3",
      "hr"
    ],
    "optional": true
  },
  {
    "name": "lowRating",
    "label": "Low rating text",
    "type": "text",
    "description": "Text for worst rating.",
    "default": "Learned little"
  },
  {
    "name": "midRating",
    "label": "Medium rating text",
    "type": "text",
    "description": "Text for middle rating.",
    "default": "Learned something"
  },
  {
    "name": "highRating",
    "label": "High rating text",
    "type": "text",
    "description": "Text for great rating.",
    "default": "Learned a lot"
  },
  {
    "name": "noGoalsText",
    "label": "No goals text",
    "type": "text",
    "description": "Feedback text when no goals have been created.",
    "default": "You have not chosen any goals yet."
  },
  {
    "name": "goalSpecificationsLabel",
    "label": "Goal specification label",
    "type": "text",
    "default": "Specifications"
  },
  {
    "name": "helpTextLabel",
    "label": "Label for help text",
    "type": "text",
    "description": "Label for showing additional helpful information to the user.",
    "default": "More information"
  },
  {
    "name": "helpText",
    "label": "Fill in additional help information",
    "type": "text",
    "widget": "html",
    "description": "Here you can fill in additional helpful information for the user.",
    "enterMode": "p",
    "optional": true,
    "tags": [
      "strong",
      "em",
      "u",
      "a",
      "ul",
      "ol",
      "h2",
      "h3",
      "hr"
    ],
    "optional": true
  }
]
